Domain,Capability,Assessment,Criteria1,Criteria2
DevOps,Automation Framework,Tfs automatic deployment use dms to query atm status in Taiwan check whether the documents are complete through the system,"Standardized Toolset: Listen for ""comprehensive toolset,"" ""organization-wide standards,"" and ""unified processes.""Tooling for Development and Deployment: Keywords like ""integrated tooling,"" ""support for application development,"" and ""deployment tool standardization"" are crucial.Infrastructure Templates: Terms such as ""standardized templates,"" ""consistent deployment,"" and ""infrastructure efficiency"" indicate a mature approach./The organization has a standardized set of tools and processes to cover all infrastructure needs. Decisions on tooling to support application development and deployment are made, and standardized infrastructure templates are developed and in use. This le/","Standardized Toolset: Listen for ""comprehensive toolset,"" ""organization-wide standards,"" and ""unified processes.""Tooling for Development and Deployment: Keywords like ""integrated tooling,"" ""support for application development,"" and ""deployment tool standardization"" are crucial.Infrastructure Templates: Terms such as ""standardized templates,"" ""consistent deployment,"" and ""infrastructure efficiency"" indicate a mature approach./The organization has a standardized set of tools and processes to cover all infrastructure needs. Decisions on tooling to support application development and deployment are made, and standardized infrastructure templates are developed and in use. This le/"
DevOps,CI/CD DevOps,Save time and avoid human error,Shared Repository Impact: Enhancements to CI/CD practices through centralization.Automation Impact: Efficiency and reliability benefits from automated builds and testing.Consistency Across Teams: Management of CI/CD uniformity. /The organization has a shared repository of CI/CD tools used by all relevant teams. Most teams use automated builds and some form of scripting for testing and deployment. CI/CD tools and practices are consistent between teams./,Shared Repository Impact: Enhancements to CI/CD practices through centralization.Automation Impact: Efficiency and reliability benefits from automated builds and testing.Consistency Across Teams: Management of CI/CD uniformity. /The organization has a shared repository of CI/CD tools used by all relevant teams. Most teams use automated builds and some form of scripting for testing and deployment. CI/CD tools and practices are consistent between teams./
DevOps,Cont. Compliance Automation,"If the risk is medium or high, we must modify the code and rescan until low risk appears. Corrections or clarifications must be completed within the prescribed time limit cooperate with the compliance department of safety and security to scan for weaknesses and handle reports","Automated Compliance Impact: Improvement in compliance posture.Scripted Remediations: Effectiveness of scripted compliance actions.Unified System for Audits: Contribution to compliance and operational efficiency. /Automated Visibility and reporting: Automated compliance scanning and reporting for all environments. Some remediation's scripted, but triggered manually./","Automated Compliance Impact: Improvement in compliance posture.Scripted Remediations: Effectiveness of scripted compliance actions.Unified System for Audits: Contribution to compliance and operational efficiency. /Automated Visibility and reporting: Automated compliance scanning and reporting for all environments. Some remediation's scripted, but triggered manually./"
DevOps,Test Automation (Shift Left),Tfs automated deployment tool,Standardized Automated Testing: Ensuring testing effectiveness and coverage.Defined Process for Automation: Communication and enforcement of testing processes.Improvement as Objective: Approach to test automation continuous improvement./Standardized Automated testing design and implementation for infrastructure deployments. All teams follow a defined process of using some form of test Automation and improvement of the capabilities is a business priority and valuable to the organization./,Standardized Automated Testing: Ensuring testing effectiveness and coverage.Defined Process for Automation: Communication and enforcement of testing processes.Improvement as Objective: Approach to test automation continuous improvement./Standardized Automated testing design and implementation for infrastructure deployments. All teams follow a defined process of using some form of test Automation and improvement of the capabilities is a business priority and valuable to the organization./
DevOps,Communication/ Collaboration,Developing an in-line rpa process may involve:1. The information department team that maintains and manages the business system2. The team responsible for maintaining and operating the rra system and the team that develops the rpa process3. Business management unit4. Business process analysis unit only through cross-team collaboration and the establishment of a complete division of labor mechanism can the rpa process be successfully introduced.,Standardized Collaboration: Outcomes from standardized cross-team methods.Documentation Accessibility: Speeding up onboarding with well-documented practices.Initiatives for Communication: Project outcomes or team dynamics improvements. /defined: Development and operations teams have a standardized and documented method for cross team collaboration and learning. /,Standardized Collaboration: Outcomes from standardized cross-team methods.Documentation Accessibility: Speeding up onboarding with well-documented practices.Initiatives for Communication: Project outcomes or team dynamics improvements. /defined: Development and operations teams have a standardized and documented method for cross team collaboration and learning. /
DevOps,DevOps-Specific Skill Development,Being on the same team improves an organization's ability to quickly deliver applications and services.,"Process for Skill Gaps: Upskilling team benefits.Talent Development Plans: Catering to comprehensive skill requirements.Centralized Repository Use: Skill development enhancement. /Defined: Organization defines skill gap analysis process and requires all teams to keep an up-to-date plan for filling identified gaps via talent development plans. Leadership builds processes to remove barriers preventing cross-functional teams, begins to track basic metrics/KPIs associated with effectiveness of education and upskilling program, has robust education and upskilling programs that all employees are required to take some level of, and has a robust centralized repository to store DevOps skill-related education/data./","Process for Skill Gaps: Upskilling team benefits.Talent Development Plans: Catering to comprehensive skill requirements.Centralized Repository Use: Skill development enhancement. /Defined: Organization defines skill gap analysis process and requires all teams to keep an up-to-date plan for filling identified gaps via talent development plans. Leadership builds processes to remove barriers preventing cross-functional teams, begins to track basic metrics/KPIs associated with effectiveness of education and upskilling program, has robust education and upskilling programs that all employees are required to take some level of, and has a robust centralized repository to store DevOps skill-related education/data./"
DevOps,Organizational Values / Vison,Continuous improvement through pdca improve the frequency and speed of version releases adjust development strategies with reference to guidelines issued by competent authorities,"Defined and Communicated Values: Reflection in operations and decision-making.Incentivization for Collaboration: Impact on team dynamics and productivity.Strategy Implementation: Measuring success and impact. /The organization values continuous improvement, and it is a priority. The level of engagement and resource investment in the activity is evident.Company strategy dictates that all relevant employees have goals and incentivized to collaborate and improve common standards, automation, and shared DevOps practices. This strategy has just been defined and is currently being proven and potentially rolled out companywide./","Defined and Communicated Values: Reflection in operations and decision-making.Incentivization for Collaboration: Impact on team dynamics and productivity.Strategy Implementation: Measuring success and impact. /The organization values continuous improvement, and it is a priority. The level of engagement and resource investment in the activity is evident.Company strategy dictates that all relevant employees have goals and incentivized to collaborate and improve common standards, automation, and shared DevOps practices. This strategy has just been defined and is currently being proven and potentially rolled out companywide./"
DevOps,Automation Standards,"Through collaboration with consultants in the early stage, we learned which processes are suitable for automation; during the initial confirmation and introduction of the mechanism, relevant specifications will be formulated to comply with internal and external regulations; when the mechanism is mature, the previously established specifications will be adjusted to fit the overall automation framework.tfs creates scripts to complete automated deployment","Guided Automation Adoption: Listen for ""established processes,"" ""in line with framework,"" and ""organization-wide procedures.""Developed Standards: Terms like ""governance standards,"" ""automation policies,"" and ""company-wide guidelines"" are significant.Cohesive Automation Approach: Look for ""consistency across teams,"" ""unified practices,"" and ""organizational alignment.""/Established processes/procedures guide automation adoption in line with the Automation Framework. Standards developed to govern automation approach and develop tooling boundaries. /","Guided Automation Adoption: Listen for ""established processes,"" ""in line with framework,"" and ""organization-wide procedures.""Developed Standards: Terms like ""governance standards,"" ""automation policies,"" and ""company-wide guidelines"" are significant.Cohesive Automation Approach: Look for ""consistency across teams,"" ""unified practices,"" and ""organizational alignment.""/Established processes/procedures guide automation adoption in line with the Automation Framework. Standards developed to govern automation approach and develop tooling boundaries. /"
DevOps,"Design, Strategy, and Standards",Defining clear rules under the information security and information communication specifications for developers to follow will help provide information security-related protection during the application development process and reduce the occurrence of information security incidents.,Organization-wide Standards: Contribution to development efficiency.Adherence in New Developments: Example of project adherence to standards. /Standards for application design and consumption of PaaS resources leveraging cloud best practices are well defined and in use organization wide. All new application development follows these standards regardless of desired hosting location./,Organization-wide Standards: Contribution to development efficiency.Adherence in New Developments: Example of project adherence to standards. /Standards for application design and consumption of PaaS resources leveraging cloud best practices are well defined and in use organization wide. All new application development follows these standards regardless of desired hosting location./
DevOps,"Visibility, Metrics and Goals","Self-checkiso20000, iso27001use plan-do-study continuously improve regular audits",Governance and Monitoring Coverage: Transparency and accountability enhancements.Workflow Understanding: Contributions to product and feature development. /All business units are covered by basic governance and monitoring mechanisms. /,Governance and Monitoring Coverage: Transparency and accountability enhancements.Workflow Understanding: Contributions to product and feature development. /All business units are covered by basic governance and monitoring mechanisms. /
Security,API Security,Transmission encryption use https and source ip control all connections have credentials and encryption mechanisms the connection is encrypted and both parties are authenticated! The connection has an encryption mechanism and both parties have an authentication mechanism. Transmission encrypted channel access requires authentication,"Techniques for Data Protection: Listen for specific methods such as encryption, tokenization, API gateways, rate limiting, and access controls. Quality of Service Improvement: Metrics like latency, throughput, error rates, and user feedback mechanisms should be mentioned. Security Measures Implementation: Details about authentication, authorization, input validation, and regular security assessments are key./The organization develops techniques to protect data and improve the quality of service in API management. This involves implementing security measures to safeguard APIs against attacks and ensuring the APIs maintain high service quality and data protection standards./","Techniques for Data Protection: Listen for specific methods such as encryption, tokenization, API gateways, rate limiting, and access controls. Quality of Service Improvement: Metrics like latency, throughput, error rates, and user feedback mechanisms should be mentioned. Security Measures Implementation: Details about authentication, authorization, input validation, and regular security assessments are key./The organization develops techniques to protect data and improve the quality of service in API management. This involves implementing security measures to safeguard APIs against attacks and ensuring the APIs maintain high service quality and data protection standards./"
Security,Test & Certify,"Perform network vulnerability scanning and penetration testing before the system is officially launched, a weak network scan must be performed. If there are ports that should not appear, the firewall settings need to be adjusted. Inspection personnel before new systems and functions go online, the information security department will perform weak scans on the network and program codes, and conduct penetration tests regularly. Will conduct regular penetration testing and network vulnerability scanning when new systems go online, they will undergo penetration testing and regular penetration testing. There are network vulnerability scans and program code vulnerability scans before going online.","Cybersecurity Integration in Testing: Role of cybersecurity in the testing phases, including vulnerability assessment, security testing tools, and involvement in the SDLC. Focus on Vulnerabilities and Certification: The balance between identifying vulnerabilities and meeting cybersecurity standards, including certification processes like ISO 27001 or NIST compliance. Feedback Loop from Testing to Development: Mechanisms for incorporating test findings into development and security enhancements, indicating a continuous improvement cycle./Cybersecurity is involved in comprehensive activities associated with testing and certifying applications and services. At this level, the focus is not only on identifying vulnerabilities but also on ensuring that applications meet established cybersecurity requirements and control standards through a thorough testing and certification process./","Cybersecurity Integration in Testing: Role of cybersecurity in the testing phases, including vulnerability assessment, security testing tools, and involvement in the SDLC. Focus on Vulnerabilities and Certification: The balance between identifying vulnerabilities and meeting cybersecurity standards, including certification processes like ISO 27001 or NIST compliance. Feedback Loop from Testing to Development: Mechanisms for incorporating test findings into development and security enhancements, indicating a continuous improvement cycle./Cybersecurity is involved in comprehensive activities associated with testing and certifying applications and services. At this level, the focus is not only on identifying vulnerabilities but also on ensuring that applications meet established cybersecurity requirements and control standards through a thorough testing and certification process./"
Security,Cryptographic Services,Regularly update credentials and improve encryption protocols update credentials regularly vouchers will be updated regularly when they expire update credentials regularly,"Lifecycle Management Practices: Processes for key generation, distribution, rotation, and retirement, emphasizing automation and compliance with standards like NIST. As-a-Service Offering: Benefits of cryptographic services offered as-a-service, such as scalability, ease of use, and compliance facilitation. Scope of Lifecycle Management: The extent of lifecycle management coverage, including hardware security modules (HSMs), cloud-based key management, and policy enforcement mechanisms./Cybersecurity provides comprehensive lifecycle management of cryptographic services, including as-a-service offerings. This involves overseeing the entire lifecycle of cryptographic elements, from creation and deployment to retirement, ensuring secure and efficient cryptographic operations./","Lifecycle Management Practices: Processes for key generation, distribution, rotation, and retirement, emphasizing automation and compliance with standards like NIST. As-a-Service Offering: Benefits of cryptographic services offered as-a-service, such as scalability, ease of use, and compliance facilitation. Scope of Lifecycle Management: The extent of lifecycle management coverage, including hardware security modules (HSMs), cloud-based key management, and policy enforcement mechanisms./Cybersecurity provides comprehensive lifecycle management of cryptographic services, including as-a-service offerings. This involves overseeing the entire lifecycle of cryptographic elements, from creation and deployment to retirement, ensuring secure and efficient cryptographic operations./"
Security,Data Protection,"There is a dlp mechanism for links to external web pages and outgoing emails, and usb has anti-write control. Handled in accordance with relevant regulations sensitive data access rights control. Information cannot be taken out at will, and must be released by the supervisor. Social engineering drills will be conducted from time to time. Phishing letters, the content of letters cannot contain personal information, hard drive data cannot be taken out, and social engineering drills letter cannot contain personal information, and personal information cannot be exported. Occasional social engineering exercises. Websense  export ","Enterprise-scale Controls Implementation: Strategies for applying data protection controls across various data environments, including cloud, on-premise, and hybrid models. Edge Computing Data Protection: Techniques and technologies used to secure data at the edge, such as encryption, secure access, and network segmentation. Consistency Across Areas: Ensuring uniform data protection standards and practices are applied consistently, regardless of the computing environment or location./The organization applies data protection controls at an enterprise scale and extends these capabilities to edge computing environments. This approach ensures that critical data is safeguarded effectively across all organizational operations, including those at the network edge./","Enterprise-scale Controls Implementation: Strategies for applying data protection controls across various data environments, including cloud, on-premise, and hybrid models. Edge Computing Data Protection: Techniques and technologies used to secure data at the edge, such as encryption, secure access, and network segmentation. Consistency Across Areas: Ensuring uniform data protection standards and practices are applied consistently, regardless of the computing environment or location./The organization applies data protection controls at an enterprise scale and extends these capabilities to edge computing environments. This approach ensures that critical data is safeguarded effectively across all organizational operations, including those at the network edge./"
Security,Business Continuity,"Db install Imperva or gardium regularly conduct same-site and off-site backup drills, and cooperate with the security department to handle iso 22301 verification establish local and remote backup drills and introduce is22301import iso22301there are co-location backup and remote backup established","Scheduled Exercises: The planning, execution, and key outcomes of business continuity exercises, with a focus on identifying and addressing gaps. Feedback Loop: Mechanisms for collecting and integrating feedback from exercises into continuous improvement of business continuity plans. Critical Integrations: How business continuity planning integrates with related functions like crisis management and disaster recovery to enhance readiness and response./The organization develops and sustains continuity readiness by leveraging scheduled exercises and a comprehensive feedback loop. Integration with critical functions like crisis management, disaster recovery, incident response, and GRC strengthens the overall business continuity posture./","Scheduled Exercises: The planning, execution, and key outcomes of business continuity exercises, with a focus on identifying and addressing gaps. Feedback Loop: Mechanisms for collecting and integrating feedback from exercises into continuous improvement of business continuity plans. Critical Integrations: How business continuity planning integrates with related functions like crisis management and disaster recovery to enhance readiness and response./The organization develops and sustains continuity readiness by leveraging scheduled exercises and a comprehensive feedback loop. Integration with critical functions like crisis management, disaster recovery, incident response, and GRC strengthens the overall business continuity posture./"
Security,Cybersecurity Strategy,"The bank has certified the iso27001 international standard, complies with the iso 27001 information security control field, formulates, and implements information security-related control objectives and measures, and meets the information security requirements required by the bank. We also implement relevant information security governance and compliance in compliance with the information security regulations of the competent authorities, and conduct annual computer system information security assessments and overall information security implementation assessments. ""","Strategy Governance: The comprehensive approach to governance, including policy development, risk management, and stakeholder engagement. Communication Tools: Use of dashboards and reports to provide transparency on the cybersecurity strategy's status and engage with stakeholders effectively. Hybrid-/Multi-Cloud Environment Consideration: Adaptations and considerations in the cybersecurity strategy to address the complexities of managing security across hybrid and multi-cloud IT environments./A comprehensive approach to strategy governance incorporates a shared responsibility model across firstand third-parties. The strategy encompasses a hybrid-/multi-cloud IT environment and places emphasis on continuous compliance, with status and results communicated to stakeholders through dashboards and reports./","Strategy Governance: The comprehensive approach to governance, including policy development, risk management, and stakeholder engagement. Communication Tools: Use of dashboards and reports to provide transparency on the cybersecurity strategy's status and engage with stakeholders effectively. Hybrid-/Multi-Cloud Environment Consideration: Adaptations and considerations in the cybersecurity strategy to address the complexities of managing security across hybrid and multi-cloud IT environments./A comprehensive approach to strategy governance incorporates a shared responsibility model across firstand third-parties. The strategy encompasses a hybrid-/multi-cloud IT environment and places emphasis on continuous compliance, with status and results communicated to stakeholders through dashboards and reports./"
Security,Information Security Management,"Control network entry and exit points, reclaim permissions, force pcs to join the network domain and install anti-virus, and ensure the effective implementation of the system through internal and external audits the bank’s information security plan and information security specifications have been extended to all domestic and overseas units. In compliance with the requirements of the competent authorities to strengthen the supervision of information security management of overseas branches, we conduct annual computer system information security assessments and overall information security implementation assessments, and review network security. Compliance work and information security self-assessment.","Enterprise-wide Program Extension: Ensuring the information security program's reach and effectiveness across all organizational areas, including remote and cloud environments. Hybrid IT Ecosystem Security: Specific measures to address the security challenges of a hybrid IT ecosystem, including cloud security, endpoint protection, and identity management. Coverage of IT Environment Components: Strategies to ensure all components of the IT environment are covered by the information security program, including legacy systems, cloud services, and mobile devices./The information security program extends to the entire enterprise, addressing the hybrid IT ecosystem. This ensures that security practices and policies are uniformly applied across all IT environments, enhancing overall security posture./","Enterprise-wide Program Extension: Ensuring the information security program's reach and effectiveness across all organizational areas, including remote and cloud environments. Hybrid IT Ecosystem Security: Specific measures to address the security challenges of a hybrid IT ecosystem, including cloud security, endpoint protection, and identity management. Coverage of IT Environment Components: Strategies to ensure all components of the IT environment are covered by the information security program, including legacy systems, cloud services, and mobile devices./The information security program extends to the entire enterprise, addressing the hybrid IT ecosystem. This ensures that security practices and policies are uniformly applied across all IT environments, enhancing overall security posture./"
Security,Privacy,The bank has a dedicated department for personal information (legal compliance department),"Chief Privacy Officer Leadership: The role and impact of the chief privacy officer in defining, implementing, and enforcing the privacy program. Communication and Training Emphasis: Approaches to privacy training and awareness across the organization, including methods, frequency, and engagement metrics. Enterprise-scale Privacy Management: Key processes and procedures that support privacy management at an enterprise scale, highlighting compliance, data protection, and incident response strategies./Led by a chief privacy officer, the organization emphasizes enterprise-wide communication and training. Proven and documented processes and procedures enable privacy management at an enterprise scale./","Chief Privacy Officer Leadership: The role and impact of the chief privacy officer in defining, implementing, and enforcing the privacy program. Communication and Training Emphasis: Approaches to privacy training and awareness across the organization, including methods, frequency, and engagement metrics. Enterprise-scale Privacy Management: Key processes and procedures that support privacy management at an enterprise scale, highlighting compliance, data protection, and incident response strategies./Led by a chief privacy officer, the organization emphasizes enterprise-wide communication and training. Proven and documented processes and procedures enable privacy management at an enterprise scale./"
Security,GRC Risk Management,"Regularly conduct evidence preservation drills and notification drills for information security incidents to ensure that we can deal with them calmly when incidents occur. Ensure uninterrupted operations strengthen the ability to operate without interruption through the introduction of is22301strengthen the ability to operate without interruption through the introduction of iso22301the bank conducts cybersecurity information governance maturity assessment and iso27001 risk assessment. Disaster recovery and incident management are included in the maturity assessment areas, and related internal and external issues are also included in the iso27001 risk assessment.","Integration with Critical Functions: How cybersecurity risk management is integrated with disaster recovery, incident management, and other critical functions to enhance overall risk posture. Risk Assessment Foundations: Details on conducting IT and business risk assessments, including methodologies, frequency, and integration into strategic planning. Cross-Functional Coordination: Examples of coordination across different organizational functions to manage risks comprehensively and effectively./Risk management is integrated with critical functions such as disaster recovery, incident management, and audit. The foundation for risk management stems from detailed IT and business risk assessments, ensuring a comprehensive approach to identifying and managing risks./","Integration with Critical Functions: How cybersecurity risk management is integrated with disaster recovery, incident management, and other critical functions to enhance overall risk posture. Risk Assessment Foundations: Details on conducting IT and business risk assessments, including methodologies, frequency, and integration into strategic planning. Cross-Functional Coordination: Examples of coordination across different organizational functions to manage risks comprehensively and effectively./Risk management is integrated with critical functions such as disaster recovery, incident management, and audit. The foundation for risk management stems from detailed IT and business risk assessments, ensuring a comprehensive approach to identifying and managing risks./"
Security,Authentication,"The connection management server needs to be connected through a springboard, which has mfa to enhance connection authorization security. If you need to connect to the company mailbox to receive mail at home, you need to use the 6-digit random verification code provided by tp. After successful authentication, you can log in.","Multi-factor Authentication (MFA) Use: Implementation details of MFA, including technologies used, user adoption, and impact on security posture. API Protection in Authentication Strategy: Methods for securing APIs, including authentication mechanisms and protection strategies. Modernization in Authentication Practices: Examples of modernization efforts, such as the use of biometrics, token-based authentication, and user experience improvements./The organization leverages multi-factor authentication and supports API protection, contributing to the modernization of applications and services. This enhances security by implementing stronger authentication mechanisms and securing API access./","Multi-factor Authentication (MFA) Use: Implementation details of MFA, including technologies used, user adoption, and impact on security posture. API Protection in Authentication Strategy: Methods for securing APIs, including authentication mechanisms and protection strategies. Modernization in Authentication Practices: Examples of modernization efforts, such as the use of biometrics, token-based authentication, and user experience improvements./The organization leverages multi-factor authentication and supports API protection, contributing to the modernization of applications and services. This enhances security by implementing stronger authentication mechanisms and securing API access./"
Security,Authorization,Use racf or database unauthorized use detection,"Real-time Insights for Policy Management: How real-time data is used to adjust and manage authorization policies dynamically. Integration with Privilege Management: The connection between authorization systems and privilege management, enhancing access risk management. Adaptiveness of Authorization Policies: Instances where authorization policies were adjusted in response to new security challenges or organizational requirements./Real-time insights are used to manage authorization policy effectively. Integration with privilege management and risk analysis enables the organization to manage risk effectively in the authorization process./","Real-time Insights for Policy Management: How real-time data is used to adjust and manage authorization policies dynamically. Integration with Privilege Management: The connection between authorization systems and privilege management, enhancing access risk management. Adaptiveness of Authorization Policies: Instances where authorization policies were adjusted in response to new security challenges or organizational requirements./Real-time insights are used to manage authorization policy effectively. Integration with privilege management and risk analysis enables the organization to manage risk effectively in the authorization process./"
Security,Privileged Access Mgmt.,Strengthen identity verification application must be made to the supervisor to obtain appropriate authority to avoid the manager from obtaining excessive authority.,Key Controls Implementation: The effectiveness of controls like MFA and Zero Trust in enhancing PAM security. Management of External Privileged Roles: Strategies for securely managing privileged access for customers and partners. SIEM Integration: Benefits of integrating PAM systems with SIEM solutions for enhanced monitoring and incident response./Privilege management is implemented at scale with key controls like Multi-Factor Authentication and integration with a Zero Trust approach. This comprehensive PAM strategy ensures secure and controlled access to critical systems and data./,Key Controls Implementation: The effectiveness of controls like MFA and Zero Trust in enhancing PAM security. Management of External Privileged Roles: Strategies for securely managing privileged access for customers and partners. SIEM Integration: Benefits of integrating PAM systems with SIEM solutions for enhanced monitoring and incident response./Privilege management is implemented at scale with key controls like Multi-Factor Authentication and integration with a Zero Trust approach. This comprehensive PAM strategy ensures secure and controlled access to critical systems and data./
Security,Network Security,"The website that provides customer service has anti-ddos equipment at the front, followed by firewall waf and ips equipment.","Defense-in-Depth Strategy: The composition and efficacy of a multi-layered defense strategy in protecting network resources. Policy and Practice Updates: Processes for regularly updating network security measures in response to evolving threats. Proactive and Continuous Monitoring: Examples of how continuous monitoring aids in the early detection and mitigation of network security incidents./The organization implements a defense-in-depth strategy for network security, ensuring multiple layers of security controls are in place to protect the network infrastructure./","Defense-in-Depth Strategy: The composition and efficacy of a multi-layered defense strategy in protecting network resources. Policy and Practice Updates: Processes for regularly updating network security measures in response to evolving threats. Proactive and Continuous Monitoring: Examples of how continuous monitoring aids in the early detection and mitigation of network security incidents./The organization implements a defense-in-depth strategy for network security, ensuring multiple layers of security controls are in place to protect the network infrastructure./"
Security,Patch Mgmt.,Windows updates are automatically distributed to save manpower. Windows update automatically distributes versions,"Automation in Patch Management: The role of automation in streamlining the patch management process and ensuring timely updates. CI/CD Integration: How patch management is integrated with CI/CD practices to maintain software integrity and security. Regular and Timely Patching: Strategies for ensuring critical systems and applications are promptly updated, prioritizing patches based on risk assessments./Automation is leveraged to scale the patch management process and achieve integration with CI/CD methods & techniques. This approach ensures timely and efficient patching of software vulnerabilities./","Automation in Patch Management: The role of automation in streamlining the patch management process and ensuring timely updates. CI/CD Integration: How patch management is integrated with CI/CD practices to maintain software integrity and security. Regular and Timely Patching: Strategies for ensuring critical systems and applications are promptly updated, prioritizing patches based on risk assessments./Automation is leveraged to scale the patch management process and achieve integration with CI/CD methods & techniques. This approach ensures timely and efficient patching of software vulnerabilities./"
Security,Server/Endpoint Security,"Windows servers terminals are equipped with anti-virus software and edr, which are managed centrally regularly review firewall policies, quarterly network vulnerability scans, and security updates. Regularly review firewall policies, quarterly network vulnerability scanning and security updates","Formalization of Security Program: Components and management of a server/endpoint security program, highlighting key security controls and monitoring practices. Comprehensive Coverage and Monitoring: Strategies to ensure all endpoints are secured and continuously monitored for threats. Compliance Focus: Measures to ensure server/endpoint security practices comply with relevant standards and regulations, including audit and assessment processes./The organization formalizes the server/endpoint security program, actively maintaining inventory and continuously monitoring all endpoints. Emphasis is placed on compliance to ensure robust endpoint protection./","Formalization of Security Program: Components and management of a server/endpoint security program, highlighting key security controls and monitoring practices. Comprehensive Coverage and Monitoring: Strategies to ensure all endpoints are secured and continuously monitored for threats. Compliance Focus: Measures to ensure server/endpoint security practices comply with relevant standards and regulations, including audit and assessment processes./The organization formalizes the server/endpoint security program, actively maintaining inventory and continuously monitoring all endpoints. Emphasis is placed on compliance to ensure robust endpoint protection./"
Security,Access Control,"Usb port-in and port-out data control usb port-in and port-out are controlled the operating environment and the test environment are physically separated on-information security planning department business. Our bank has physical authority control (office buildings, information rooms, etc. Are all equipped with access control and authority control)","Comprehensive Physical Security Access Controls: The range of access control measures deployed to secure facilities and the integration of technology, procedures, and personnel in access control systems. System Integration: The benefits of integrating access control systems with other security systems for enhanced management and incident response. Continuous Monitoring and Auditing: Processes for the ongoing monitoring and auditing of access control effectiveness, contributing to security improvements and adjustments./Comprehensive physical security access controls are deployed, ensuring secure and controlled access to physical facilities and resources./","Comprehensive Physical Security Access Controls: The range of access control measures deployed to secure facilities and the integration of technology, procedures, and personnel in access control systems. System Integration: The benefits of integrating access control systems with other security systems for enhanced management and incident response. Continuous Monitoring and Auditing: Processes for the ongoing monitoring and auditing of access control effectiveness, contributing to security improvements and adjustments./Comprehensive physical security access controls are deployed, ensuring secure and controlled access to physical facilities and resources./"
Security,Facility Mgmt.,"24-hour security, computer room access control, etc. The computer room has 24-hour access control have fire drills we have imported iso27001 and iso20000non-information security planning department business. Our bank has physical authority control (office buildings, information rooms, etc. Are all equipped with access control and authority control)","Comprehensive Controls for Facility Security: The implementation of controls to ensure the security of facilities, including the protection of information, assets, and personnel. Emergency Response Planning: The structure and execution of emergency response plans specific to facilities, highlighting testing and update processes. Security Measures Including Environmental Controls: The role of environmental controls and surveillance systems in maintaining facility security and safety./Comprehensive controls are deployed for physical security facility management, safeguarding information, assets, physical property, and the workforce./","Comprehensive Controls for Facility Security: The implementation of controls to ensure the security of facilities, including the protection of information, assets, and personnel. Emergency Response Planning: The structure and execution of emergency response plans specific to facilities, highlighting testing and update processes. Security Measures Including Environmental Controls: The role of environmental controls and surveillance systems in maintaining facility security and safety./Comprehensive controls are deployed for physical security facility management, safeguarding information, assets, physical property, and the workforce./"
Security,Physical Security Policies & Standards,"In terms of information security governance, an information security policy outline and information security management standards have been formulated. The bank has obtained iso27001 certification and regularly communicates internally and externally on information security issues through the information security committee. Physical security has key points related to physical and environmental security management","Enterprise-scale Physical Security Policies: The development and enforcement of physical security policies and standards across the organization, covering a broad range of scenarios and threats. Regular Review and Update Process: The frequency and triggers for reviewing and updating physical security policies and standards, ensuring relevance and effectiveness. Coverage of Scenarios and Threats: Specific scenarios and threats addressed by physical security policies, guiding organizational security measures and responses./The organization establishes enterprise-scale physical security policies and standards, creating a robust framework that guides the protection of physical assets and resources./","Enterprise-scale Physical Security Policies: The development and enforcement of physical security policies and standards across the organization, covering a broad range of scenarios and threats. Regular Review and Update Process: The frequency and triggers for reviewing and updating physical security policies and standards, ensuring relevance and effectiveness. Coverage of Scenarios and Threats: Specific scenarios and threats addressed by physical security policies, guiding organizational security measures and responses./The organization establishes enterprise-scale physical security policies and standards, creating a robust framework that guides the protection of physical assets and resources./"
Security,Physical Security Risk Management,"The bank performs a cybersecurity information governance maturity assessment. This maturity assessment method adopts the methodology of office cat. In addition, the bank also performs an iso27001 risk assessment and adopts the iso27001 risk assessment methodology (information asset and legal compliance internal external issues assessment).","Comprehensive Controls for Risk Management: The structure and methodologies used for physical security risk management, including risk assessment and mitigation strategies. Integration with Organizational Risk Management: The benefits of integrating physical security risks into the broader organizational risk management framework, enhancing overall risk management effectiveness. Regular Drills and Simulations: Insights gained from regular drills and simulations testing physical security risk responses, influencing security strategies and preparedness./Comprehensive physical security risk management controls are implemented, ensuring a strategic approach to identifying and mitigating physical security threats./","Comprehensive Controls for Risk Management: The structure and methodologies used for physical security risk management, including risk assessment and mitigation strategies. Integration with Organizational Risk Management: The benefits of integrating physical security risks into the broader organizational risk management framework, enhancing overall risk management effectiveness. Regular Drills and Simulations: Insights gained from regular drills and simulations testing physical security risk responses, influencing security strategies and preparedness./Comprehensive physical security risk management controls are implemented, ensuring a strategic approach to identifying and mitigating physical security threats./"
Security,Disaster Recovery,Remote backup is automatically switched and the system operates normally in a very short time.,"Automation in Disaster Recovery Coordination: The impact of automation on disaster recovery efficiency and effectiveness, including specific tools and processes used. Shared Responsibility Model: The structure and benefits of a shared responsibility model in disaster recovery planning, emphasizing collaboration and accountability. Integration with Business Continuity: The coherence between disaster recovery methods and the overall business continuity plan, ensuring a unified approach to organizational resilience./The organization leverages automation and a shared responsibility model to coordinate disaster recovery activities and methods, enhancing resilience and response capabilities./","Automation in Disaster Recovery Coordination: The impact of automation on disaster recovery efficiency and effectiveness, including specific tools and processes used. Shared Responsibility Model: The structure and benefits of a shared responsibility model in disaster recovery planning, emphasizing collaboration and accountability. Integration with Business Continuity: The coherence between disaster recovery methods and the overall business continuity plan, ensuring a unified approach to organizational resilience./The organization leverages automation and a shared responsibility model to coordinate disaster recovery activities and methods, enhancing resilience and response capabilities./"
Security,"Logging, Monitoring, and Alerting",Purchase monitoring software and continue monitoring to ensure that problems can be detected in time and responded quickly to reduce risks and minimize damage. The computer room operates 24 hours a day and has monitoring software automation equipment. The computer room has automated monitoring software equipment,"Continuous Monitoring for Operational Continuity: The contribution of 24x7 real-time monitoring to incident detection and organizational resilience, including specific monitoring strategies and technologies. Automated Response Mechanisms: The role of automation in enhancing incident response times and security operation efficiencies, detailing specific automated response actions. Log and Alert Consolidation: Management and analysis strategies for logs and alerts across mission-critical systems, ensuring effective and timely security incident responses./Operational continuity is enriched through 24x7 and real-time monitoring and insights. Automated responses to alert conditions improve resolution turnaround time and efficiencies./","Continuous Monitoring for Operational Continuity: The contribution of 24x7 real-time monitoring to incident detection and organizational resilience, including specific monitoring strategies and technologies. Automated Response Mechanisms: The role of automation in enhancing incident response times and security operation efficiencies, detailing specific automated response actions. Log and Alert Consolidation: Management and analysis strategies for logs and alerts across mission-critical systems, ensuring effective and timely security incident responses./Operational continuity is enriched through 24x7 and real-time monitoring and insights. Automated responses to alert conditions improve resolution turnaround time and efficiencies./"
Security,Penetration Testing,"Issue a document to investigate and refer to the information on the waf. In addition, when purchasing systems or services, each unit must fill in the information security project inspection form and describe the procurement project. If it provides external services, it also needs to be completed.","Enriched Testing Approaches: The variety and depth of penetration testing approaches employed to ensure comprehensive coverage, including the use of automated tools and manual testing techniques. Out-of-Cycle Testing Opportunities: The process for identifying and executing additional testing opportunities, contributing to continuous security assessment and improvement. Integration with Security Assessments: The synergy between penetration testing and regular security assessments, highlighting the continuous loop of testing, feedback, and enhancement./The organization develops enriched testing approaches to improve coverage and addresses out-of-cycle testing opportunities. This proactive approach reduces risk by identifying and addressing vulnerabilities effectively./","Enriched Testing Approaches: The variety and depth of penetration testing approaches employed to ensure comprehensive coverage, including the use of automated tools and manual testing techniques. Out-of-Cycle Testing Opportunities: The process for identifying and executing additional testing opportunities, contributing to continuous security assessment and improvement. Integration with Security Assessments: The synergy between penetration testing and regular security assessments, highlighting the continuous loop of testing, feedback, and enhancement./The organization develops enriched testing approaches to improve coverage and addresses out-of-cycle testing opportunities. This proactive approach reduces risk by identifying and addressing vulnerabilities effectively./"
Security,Problem & Incident Mgmt.,"There is an emergency response team, and the customer service center will notify the information department and business management personnel as soon as possible. If it is judged that there is a problem with the system, the customer service staff will notify the computer room immediately, and the computer room will then notify the information personnel. If it is a major incident that damages the rights and interests of customers and the sound operation of the bank, the standard procedures for reporting major incidents will be followed by the cooperative bank commercial banks. Handle key points. The computer room and customer service center will have a list of relevant industry management the customer service center will notify the computer room staff for confirmation as soon as possible. The computer room personnel will notify the person in charge of the system if it is determined that there is a system problem and it continues to occur, the customer service center will notify the business management personnel. If it is a major incident (which will cause damage to the customer's rights and interests), it will be handled in accordance with the bank's key points for handling standard procedures for notifying major incidents by cooperative treasury commercial banks “for information security incidents, the bank has established an ""information security emergency response team"" with an ""incident investigation team"" and an ""incident response implementation team"" under its jurisdiction. It also has a team with the financial holding parent company to regularly implement information security incident response.","Cross-Functional Team Coordination: The effectiveness of coordinating cross-functional teams in managing and resolving incidents, including specific coordination mechanisms and success stories. Automation-Driven Efficiencies: The impact of automation on incident response processes, detailing specific automated actions and the resulting improvements in response times and resolution effectiveness. Response Testing and Certification: The insights and improvements gained from conducting response testing and certification through simulations, enhancing the organization's preparedness and response strategies./Risk is reduced through the coordination of cross-functional teams and a well-defined shared responsibility model. Automation drives efficiencies in response, and response testing and certification are driven by deliberate simulations./","Cross-Functional Team Coordination: The effectiveness of coordinating cross-functional teams in managing and resolving incidents, including specific coordination mechanisms and success stories. Automation-Driven Efficiencies: The impact of automation on incident response processes, detailing specific automated actions and the resulting improvements in response times and resolution effectiveness. Response Testing and Certification: The insights and improvements gained from conducting response testing and certification through simulations, enhancing the organization's preparedness and response strategies./Risk is reduced through the coordination of cross-functional teams and a well-defined shared responsibility model. Automation drives efficiencies in response, and response testing and certification are driven by deliberate simulations./"
Security,Threat & Vulnerability Mgmt.,"The order of patching is determined based on the medium, medium, and low risk vulnerabilities produced by the scanning system itself, and systems that provide external services are given priority over internal ones. According to regulations determine high, medium, and low risk according to the built-in rules of the tool. Determine medium, medium, and low risk according to the built-in rules of the tool","Risk-Based Prioritization: The methodology for assessing and prioritizing threats and vulnerabilities based on risk levels, including the criteria used for prioritization. End-to-End Process Measurement: The approach to measuring and analyzing threat and vulnerability management processes, focusing on acceleration of response times and risk reduction. Focus on Accelerating Response Times: Strategies and technologies employed to ensure quick and effective responses to identified threats and vulnerabilities, enhancing the organization's security posture./Risk-based prioritization and end-to-end process measurement, combined with trend analysis, are used to accelerate time to value and reduce risk. This comprehensive approach ensures effective threat and vulnerability management./","Risk-Based Prioritization: The methodology for assessing and prioritizing threats and vulnerabilities based on risk levels, including the criteria used for prioritization. End-to-End Process Measurement: The approach to measuring and analyzing threat and vulnerability management processes, focusing on acceleration of response times and risk reduction. Focus on Accelerating Response Times: Strategies and technologies employed to ensure quick and effective responses to identified threats and vulnerabilities, enhancing the organization's security posture./Risk-based prioritization and end-to-end process measurement, combined with trend analysis, are used to accelerate time to value and reduce risk. This comprehensive approach ensures effective threat and vulnerability management./"
Operations,API Security,Use https and source ip control the connection is encrypted and both parties have certificate authorization. The connection has an encryption mechanism and both parties have a voucher mechanism. The connection is authenticated and encrypted,"Techniques for Data Protection: Listen for specific methods such as encryption, tokenization, API gateways, rate limiting, and access controls. Quality of Service Improvement: Metrics like latency, throughput, error rates, and user feedback mechanisms should be mentioned. Security Measures Implementation: Details about authentication, authorization, input validation, and regular security assessments are key.","Techniques for Data Protection: Listen for specific methods such as encryption, tokenization, API gateways, rate limiting, and access controls. Quality of Service Improvement: Metrics like latency, throughput, error rates, and user feedback mechanisms should be mentioned. Security Measures Implementation: Details about authentication, authorization, input validation, and regular security assessments are key."
Operations,Change Enablement,Evaluate scores based on the change impact analysis table.,"Inclusion of All Changes: Effectiveness of change management process.Automated Emergency Change Logging: Management and tracking contributions.Documented Test Plans for Normal Changes: Impact on success rates. / All technology changes regardless of origination are included in the change enablement practice. From documentation of approved ""Standard"" change activities, automated logging of ""Emergency"" changes, and documented validation of all ""Normal"" change test plans, Change Enablement is jointly focused on auditability and optimization. /","Inclusion of All Changes: Effectiveness of change management process.Automated Emergency Change Logging: Management and tracking contributions.Documented Test Plans for Normal Changes: Impact on success rates. / All technology changes regardless of origination are included in the change enablement practice. From documentation of approved ""Standard"" change activities, automated logging of ""Emergency"" changes, and documented validation of all ""Normal"" change test plans, Change Enablement is jointly focused on auditability and optimization. /"
Operations,Incident Response & Management,Automatic monitoring software and alert messages there is automatic monitoring software and alarm messages purchase event monitoring software to ensure timely identification of events to reduce risk provide tool automatic detection and alarm functions,"Automated Detection and Alerting: Improvement in response times.Automated Communication for Incident Management: Efficiency and effectiveness in management.Formal Swarming Protocol for High Severity: Impact on resolving high severity incidents. /Incidents are detected using monitoring tools and alerts are automatically sent and entered into Incident Management tool. Basic communication is automated for team routing and management awareness. Escalation is automated based on category priority and documented resolution times. There is a formal ""swarming"" protocol established for high severity priorities when expected resolution times are not met. /","Automated Detection and Alerting: Improvement in response times.Automated Communication for Incident Management: Efficiency and effectiveness in management.Formal Swarming Protocol for High Severity: Impact on resolving high severity incidents. /Incidents are detected using monitoring tools and alerts are automatically sent and entered into Incident Management tool. Basic communication is automated for team routing and management awareness. Escalation is automated based on category priority and documented resolution times. There is a formal ""swarming"" protocol established for high severity priorities when expected resolution times are not met. /"
Operations,Operating Model,Specialization,"Distributed Cross-functional Teams: Contribution to productivity and flexibility.Shift in Traditional Infrastructure Roles: Enhancement in product delivery and management.Technology Business Office Role: Facilitation of team structuring and efficiency. /""Distributed"" cross functional teams are becoming the more common operating model. These distributed teams continue to take on more of the traditional infrastructure roles as they deliver in a product focus manner. The TBO plays an integral role in defining standards and patterns that enables teams to be structured in a distributed manner. /","Distributed Cross-functional Teams: Contribution to productivity and flexibility.Shift in Traditional Infrastructure Roles: Enhancement in product delivery and management.Technology Business Office Role: Facilitation of team structuring and efficiency. /""Distributed"" cross functional teams are becoming the more common operating model. These distributed teams continue to take on more of the traditional infrastructure roles as they deliver in a product focus manner. The TBO plays an integral role in defining standards and patterns that enables teams to be structured in a distributed manner. /"
Operations,Service Catalog Management,Sla and ola enhance the practicality and relevance of service catalogs,Support for All Infrastructure Patterns: Enhancement of service catalog utility.Exception Approval Process for Custom Services: Maintenance of standards and efficiency.Real-time Reporting for Compliance: Aid in maintaining accuracy and currency. /The service catalog moves towards supporting all infrastructure patterns and only through an exception approval process are custom services allowed. Real-time reporting is in place to validate compliance and avoid drift. /,Support for All Infrastructure Patterns: Enhancement of service catalog utility.Exception Approval Process for Custom Services: Maintenance of standards and efficiency.Real-time Reporting for Compliance: Aid in maintaining accuracy and currency. /The service catalog moves towards supporting all infrastructure patterns and only through an exception approval process are custom services allowed. Real-time reporting is in place to validate compliance and avoid drift. /
Operations,Service Configuration Management ,Automatically collect configuration settings using auto discovery the ministry of information has a CMDB every time a system service is added or changed CMDB will be updated manually(1) maintain the accuracy and validity of configuration component data in the configuration management database.(2) ensure that configuration components are changed according to the specifications of the configuration control process.(3) provide information services with configuration component attributes and correlation information related to each process activity.,CMDB/CMS as Authoritative Source: Improvement in configuration management.Inclusion of Cloud Configuration Items: Enhancement of completeness and accuracy.Reconciliation for Completeness and Need: Contribution to effectiveness. /THE CMDB or CMS is THE authoritative source for all configuration items. All cloud configuration items are included. Use cases and content are being reconciled to validate completeness and need for CIs. /,CMDB/CMS as Authoritative Source: Improvement in configuration management.Inclusion of Cloud Configuration Items: Enhancement of completeness and accuracy.Reconciliation for Completeness and Need: Contribution to effectiveness. /THE CMDB or CMS is THE authoritative source for all configuration items. All cloud configuration items are included. Use cases and content are being reconciled to validate completeness and need for CIs. /
Operations,Supplier Management,"(1) for all partners related to the information services provided by this department, maintain the security of the department's information assets and risk assessment of data exchange through specific control measures and appropriately defining relationships with external third parties.(2) through the conduct of partner management review activities, we ensure that information assets can be truly protected during information outsourcing and third-party access, partner vendors can be effectively managed, and the service level agreement agreed with customers can be met.",Centralized Supplier Management Program: Consistency and efficiency in supplier dealings.Supplier Tiers Establishment: Effectiveness of supplier management strategy.Consistent Approach in Supplier Management: Improvement in relationships and negotiations. /Supplier management program brings consistency based on establishing supplier tiers. /,Centralized Supplier Management Program: Consistency and efficiency in supplier dealings.Supplier Tiers Establishment: Effectiveness of supplier management strategy.Consistent Approach in Supplier Management: Improvement in relationships and negotiations. /Supplier management program brings consistency based on establishing supplier tiers. /
Applications,Design Patterns,"Application development systems must be equipped with cloud architecture, and program developers must re-understand related technologies to improve performance.","Influence on Quality and Efficiency: Listen for examples of how design patterns improve code reusability, maintainability, and application performance.Process and Impact of Updating: Details about the review cycle for design patterns, including how outdated or insecure patterns are identified and the impact of updates on projects./Integrates identification and evaluation of Design Patterns into new application designs, fostering an architecture that considers cost implications and promotes sustainable development practices./","Influence on Quality and Efficiency: Listen for examples of how design patterns improve code reusability, maintainability, and application performance.Process and Impact of Updating: Details about the review cycle for design patterns, including how outdated or insecure patterns are identified and the impact of updates on projects./Integrates identification and evaluation of Design Patterns into new application designs, fostering an architecture that considers cost implications and promotes sustainable development practices./"
Applications,Reference Architecture,"At present, the bank is developing a middle platform design method. Systems in specific fields are required to use specified technical standards for design and development. This method allows it personnel to be more focused and familiar with the corresponding technical standards and methods. Contribute to project development and maintenance operations.at present, there are middle platform standards for planning different businesses services modules and other related technologies, which can be used in new projects to improve efficiency and avoid the same problems.","Contribution to IT Projects: Examples of how reference architectures ensure security, sustainability, and deployment efficiency.Update Process: The process for keeping architectures updated with technological and cost objectives, including frequency and criteria for updates. /Develops and utilizes secure, sustainable reference architectures for workload implementation, ensuring alignment with cost objectives and inclusion of ESG engineering principles./","Contribution to IT Projects: Examples of how reference architectures ensure security, sustainability, and deployment efficiency.Update Process: The process for keeping architectures updated with technological and cost objectives, including frequency and criteria for updates. /Develops and utilizes secure, sustainable reference architectures for workload implementation, ensuring alignment with cost objectives and inclusion of ESG engineering principles./"
Applications,Virtualization (Virtual Machines),"The construction and allocation of system environment and resources can be managed more efficiently, which can effectively save the costs related to environmental processing in the entire system construction operation, so that the relevant costs can be used more for the design and development of business functions.","Standardization and Centralization Benefits: How these practices aid in workload management and deployment.Automation and Orchestration Tools: Examples demonstrating enhancements in resource usage, scalability, and the overall virtualization strategy.","Standardization and Centralization Benefits: How these practices aid in workload management and deployment.Automation and Orchestration Tools: Examples demonstrating enhancements in resource usage, scalability, and the overall virtualization strategy."
Applications,Collaboration,"The assistance part has a large number of implementation cases. Different teams on the program side have formulated communication methods, such as specification review, information review, online coordination, project management and other procedures. On the technical side, cooperation platforms such as api, esb, and shared platforms have been established. Contribute to the execution of collaborative projects.","Cross-Collaborative Problem-Solving: Success stories demonstrating significant improvements or innovations resulting from collaboration.Communication Plan Impact: Details on how the plan facilitates cross-departmental collaboration and enhances project outcomes. /Encourages cross-collaborative problem-solving across teams and departments, supported by a standard communication plan and policies to enhance organizational synergy./","Cross-Collaborative Problem-Solving: Success stories demonstrating significant improvements or innovations resulting from collaboration.Communication Plan Impact: Details on how the plan facilitates cross-departmental collaboration and enhances project outcomes. /Encourages cross-collaborative problem-solving across teams and departments, supported by a standard communication plan and policies to enhance organizational synergy./"
Applications,Staffing (Skill Modeling/Inventory),Regular backup drills ensure business continuity and operational resilience,"Redundancy Contribution: How skillset redundancy supports business continuity and operational resilience.Succession Plans Impact: Implementation details and the effect of succession planning on organizational continuity. /Ensures redundancy in critical application skillsets, facilitating effective succession planning and skill tracking through a centralized management system./","Redundancy Contribution: How skillset redundancy supports business continuity and operational resilience.Succession Plans Impact: Implementation details and the effect of succession planning on organizational continuity. /Ensures redundancy in critical application skillsets, facilitating effective succession planning and skill tracking through a centralized management system./"
Applications,Business Continuity,"In terms of operational continuity, the bank follows iso20000, 27001, 22301 and other relevant standards.","Centralizing Impact Assessments: The enhancement of business continuity planning through centralized tracking.Application-Specific Details: How including these details strengthens business continuity strategy. /Maintains a centralized repository for impact assessments, ensuring application-specific details are cataloged for comprehensive business continuity planning./","Centralizing Impact Assessments: The enhancement of business continuity planning through centralized tracking.Application-Specific Details: How including these details strengthens business continuity strategy. /Maintains a centralized repository for impact assessments, ensuring application-specific details are cataloged for comprehensive business continuity planning./"
Applications,SLAs/SLOs,"The bank currently follows iso20000, 27001, 22301 and other relevant standards. Confirm whether sla targets are met through regular review of records quarterly management meetings regularly review whether the goals set by sla & slo are achieved vendors are requested to follow these guidelines when purchasing projects and make announcements when application system updates are released. The business management issues an exception notification sheet to record abnormal conditions, and the information department holds meetings to review and improve regularly. There will be an exception notification sheet, and the information department will have regular meetings to review. The abnormal notification sheet is reviewed by the information department at regular meetings.","Culture of Ownership: Impact on application development and maintenance.Documented Pattern Assistance: How patterns support achieving SLA/SLO objectives. /Cultivates a culture of ownership among development teams, ensuring understanding and documentation of SLA/SLO patterns, and integrating these standards into post-project evaluations./","Culture of Ownership: Impact on application development and maintenance.Documented Pattern Assistance: How patterns support achieving SLA/SLO objectives. /Cultivates a culture of ownership among development teams, ensuring understanding and documentation of SLA/SLO patterns, and integrating these standards into post-project evaluations./"
Applications,Automation,"My understanding is that there should be a framework first, and then there should be a standardized process procedure system under the framework, and then automation can be introduced. Rather than having a process program in place, ensure that the imported framework can be benchmarked. Taking the development of rpa as an example, the design and development will be based on reframe work. Through this framework, the process will be logically divided into init, get transaction data, process transaction, and end process, so that program development can be more efficient and without omissions.","Processes and Procedures Impact: The influence of guidelines on automation efficiency and effectiveness.Standards on Automation Approach: Examples showing how developed standards shape automation practices and tool selection. /Adopts established processes and standards for automation, integrating compliance reporting and aligning infrastructure deployment with automation standards./","Processes and Procedures Impact: The influence of guidelines on automation efficiency and effectiveness.Standards on Automation Approach: Examples showing how developed standards shape automation practices and tool selection. /Adopts established processes and standards for automation, integrating compliance reporting and aligning infrastructure deployment with automation standards./"
Applications,Operating Model,Let professionals do specialized work,"Distributed Team Benefits: Enhancements in product focus and organizational efficiency due to cross-functional teams.TBO's Role: The influence of TBO on team structures and effectiveness. /Fosters ""distributed"" cross-functional teams with a focus on customer-centric principles, leveraging external partnerships and cloud strategies to streamline operations and service delivery./","Distributed Team Benefits: Enhancements in product focus and organizational efficiency due to cross-functional teams.TBO's Role: The influence of TBO on team structures and effectiveness. /Fosters ""distributed"" cross-functional teams with a focus on customer-centric principles, leveraging external partnerships and cloud strategies to streamline operations and service delivery./"
Applications,Modern Coding Practices,"At present, the bank is developing a middle platform design method. Systems in specific fields are required to use specified technical standards for design and development. This method allows it personnel to be more focused and familiar with the corresponding technical standards and methods. Contribute to project development and maintenance operations. Developers work together to follow the same coding standards to avoid information gaps causing difficulties during business handover.","Automated Testing and Strategy Impact: Effects on software quality and reliability.Influence of Coding Standards: How adherence to standards has shaped development practices and outcomes. /Advocates for a comprehensive development framework, incorporating automated testing, agile methodologies, coding standards, and frequent code reviews for quality assurance./","Automated Testing and Strategy Impact: Effects on software quality and reliability.Influence of Coding Standards: How adherence to standards has shaped development practices and outcomes. /Advocates for a comprehensive development framework, incorporating automated testing, agile methodologies, coding standards, and frequent code reviews for quality assurance./"
Applications,Release Management,"This part is currently a semi-automated process in our bank. There are manual procedures for program entry, testing, inspection, qa and other operations. However, most of the online operations have been automated through tfs tools. The most important benefit should be to reduce this some human impact risks. Reduce manual work errors and improve printing efficiency","Automated Program Use: The improvement in deployment speed and reliability due to automation.Benefits of High Automation Rate: Observed advantages from automating the majority of software releases. /Enables automated and streamlined release management processes, with a focus on increasing deployment automation and reducing release frequencies for optimized delivery./","Automated Program Use: The improvement in deployment speed and reliability due to automation.Benefits of High Automation Rate: Observed advantages from automating the majority of software releases. /Enables automated and streamlined release management processes, with a focus on increasing deployment automation and reducing release frequencies for optimized delivery./"
Innovation,CSP Newest Capabilities (Cloud Technologies),"Working with hpe consultants by cooperating with hpe, consultants will help organizations introduce cloud technology; learn about peers' cloud progress through news media, and then learn and find relevant information on their own. Participate in relevant education and training view related articles seminars and related courses attended work with consultants and receive training from learning institutions","Active Integration: Management of new cloud technology integration.Discovery and Learning Process: Approach to incorporating new technologies. /The organization proactively leverages the latest cloud technologies, guided by robust learning and discovery programs, with metrics to track the successful integration of new cloud features./","Active Integration: Management of new cloud technology integration.Discovery and Learning Process: Approach to incorporating new technologies. /The organization proactively leverages the latest cloud technologies, guided by robust learning and discovery programs, with metrics to track the successful integration of new cloud features./"
Innovation,Defined Innovation Vision and Strategy,"Communicate to different departments through consensus camps and chief executive meetings meeting announcements and classes through consensus camps for senior executives and the whole bank, as well as meetings hosted by the head, the core concepts are conveyed to senior executives and colleagues within the bank. Through regular meetings, we will deepen each department understanding of the cloud vision and strategy. Digital development council and its working groups through high-level meetings deliver and promote through meetings through education and training through education and training through education and training communicated from senior management meetings to department heads senior executive support convene a consensus camp for all departments and branches to express our cloud vision","Clearly Defined Strategy: Communication and departmental understanding of innovation strategy.Executive Buy-in: Examples of strategic alignment and execution. /A clearly established innovation vision and strategy exist, fully supported by executive buy-in and understood across various departments, ensuring a unified approach to innovation./","Clearly Defined Strategy: Communication and departmental understanding of innovation strategy.Executive Buy-in: Examples of strategic alignment and execution. /A clearly established innovation vision and strategy exist, fully supported by executive buy-in and understood across various departments, ensuring a unified approach to innovation./"
Innovation,Innovation Feedback Loop,"Through the feedback mechanism, the overall system and functional operation can be closer to reality and comply with regulations. The project regularly tracks the implementation progress. If there is a gap with the implementation target, improvements need to be made immediately; after the project is completed, it is still necessary to collect user feedback, evaluate and optimize system functions to comply with specifications while also making the user experience smoother. Observe what users need and how developers can satisfy users. Rather than what developers can do, it is provided for users to use.in regular meeting increase cross-departmental discussions","Integration of Feedback Loop: Use of insights to improve innovation functions.Daily Operations and Meetings: Examples of feedback loop integration and impact. /A closed feedback loop is integrated into daily operations and meetings, leveraging data insights to continuously refine and improve innovation functions./","Integration of Feedback Loop: Use of insights to improve innovation functions.Daily Operations and Meetings: Examples of feedback loop integration and impact. /A closed feedback loop is integrated into daily operations and meetings, leveraging data insights to continuously refine and improve innovation functions./"
Innovation,Evaluation Program for Start-ups and Incubators,"After formulating the mid- and long-term plans, regularly evaluate whether the current implementation methods need to be adjusted to meet and achieve the mid- and long-term goals. Evaluate the organization's innovative ideas and invite industry executives and professional consultants to participate in discussions to ensure they are in line with the organization's future strategies and standards. With the current joint participation method and participants, it is indeed impossible to fully ensure that the evaluation process can be effectively benchmarked.","Departmental Involvement: Alignment with investment strategies.Evaluation Process: Organizational approach to startup evaluation. /Multiple departments engage in evaluating startups for investment, with a structured investment program and criteria ensuring strategic and profitable selections./","Departmental Involvement: Alignment with investment strategies.Evaluation Process: Organizational approach to startup evaluation. /Multiple departments engage in evaluating startups for investment, with a structured investment program and criteria ensuring strategic and profitable selections./"
Innovation,Employee Innovation Ideas Capture (Discovery),"Internal reward mechanism the work simplification team regularly solicits work simplification plans, and the selected plans will receive bonuses.","Centralized Idea Capture: Management and encouragement of employee ideas.Idea Management Process: Approach to fostering innovation among teams. /A centralized idea capturing tool is in place, encouraging regular idea sharing among localized teams, fostering a culture of innovation and collaboration./","Centralized Idea Capture: Management and encouragement of employee ideas.Idea Management Process: Approach to fostering innovation among teams. /A centralized idea capturing tool is in place, encouraging regular idea sharing among localized teams, fostering a culture of innovation and collaboration./"
Innovation,Evaluate and Incubate Ideas from all Sources,"Invite external experts and internal executives to jointly select first, professional consultants are used to evaluate the technical feasibility, and the business management unit is asked to evaluate the business feasibility, regulatory compliance, and introduction benefits of the proposal. The relevant information is then provided to the executive, who makes the final choice. Provide current practice taking colab as an example, cross-department members may communicate and vote. The final results are then presented to senior managers.","Formalized Evaluation Criteria: Process for idea evaluation and selection.Recurring Evaluation Sessions: Examples of idea selection and incubation. /Formalized criteria for idea evaluation are implemented, with monthly sessions to nurture and select innovative ideas, ensuring a continuous pipeline of creativity./","Formalized Evaluation Criteria: Process for idea evaluation and selection.Recurring Evaluation Sessions: Examples of idea selection and incubation. /Formalized criteria for idea evaluation are implemented, with monthly sessions to nurture and select innovative ideas, ensuring a continuous pipeline of creativity./"
Innovation,Design Thinking and Lean Hypothesis Development Creative Agility,"Invite users to conduct interviews and provide details of the entire process. After development, conduct user testing and adjust non-compliant functions to meet expectations.","Use of Design Thinking: Incorporation of customer empathy in development.Hypothesis Testing Process: Examples of lean hypothesis application in projects. /Customer-facing applications are developed based on deep customer empathy, with rigorous hypothesis testing and metrics to validate outcomes, ensuring products truly meet customer needs./","Use of Design Thinking: Incorporation of customer empathy in development.Hypothesis Testing Process: Examples of lean hypothesis application in projects. /Customer-facing applications are developed based on deep customer empathy, with rigorous hypothesis testing and metrics to validate outcomes, ensuring products truly meet customer needs./"
Innovation,Formalized Organizational Focus,No unified guiding principles regular follow-up reports from the digital development committee regular follow-up reports from the digital development committee regular follow-up reports from the digital development committee seminar,"Designated Innovation Managers: Utilization of principles and roadmaps for innovation.Innovation Management: Examples of achieving innovation objectives. /Multiple managers across the organization are dedicated to innovation, guided by unified principles, visions, and roadmaps to drive operational success./","Designated Innovation Managers: Utilization of principles and roadmaps for innovation.Innovation Management: Examples of achieving innovation objectives. /Multiple managers across the organization are dedicated to innovation, guided by unified principles, visions, and roadmaps to drive operational success./"
Innovation,Innovation is Funded,"Through the internal budget preparation method, budget execution status reports, follow-up procurement project progress reports, and introduction of benefits, etc., it is ensured that the use of funds is in line with the internal planning. Innovative activities supported by the head of government make full use of funds through budget preparation, budget execution status, regular reporting on the implementation progress after the project is launched, and continuous tracking of benefits after completion. The budget is prepared and reviewed every year. After review, it is implemented according to the schedule. The budget is prepared and reviewed every year. After review, it is implemented according to the schedule. The budget is prepared and reviewed every year. After review, it is implemented according to the schedule.","Regular Funding Allocation: Structure and use of funding for innovation.Support for Innovative Activities: Examples of funding impact on innovation. /Innovation receives generous funding across most business units, supporting a wide range of innovative activities and fostering a culture of creativity and experimentation./","Regular Funding Allocation: Structure and use of funding for innovation.Support for Innovative Activities: Examples of funding impact on innovation. /Innovation receives generous funding across most business units, supporting a wide range of innovative activities and fostering a culture of creativity and experimentation./"