Domain,Capability,Level,Backlog
Data,Regulatory Compliance,1,"**backlog title**: data compliance enhancement initiative

**user story**: as a compliance officer, i want to strengthen our privacy policies and breach notification processes, implement a robust data governance framework, and enhance training and awareness programs, so that our organization can meet legal and ethical standards in data compliance and protect customer information effectively.

**implementation activities**:
1. review and update the existing privacy policy to align with the gramm-leach-bliley act (glba) requirements, including data collection, usage, and protection measures.
2. develop and document a clear breach notification process that complies with state laws and glba mandates, including timelines and communication protocols.
3. research and select a data governance framework that incorporates policies for data access, correction, deletion, and privacy by design principles.
4. create and launch a comprehensive training program for employees on data privacy regulations, company policies, and the importance of compliance.
5. establish a regular review and feedback mechanism to assess the effectiveness of the privacy policy, governance framework, and training programs, making adjustments as necessary."
